,S,X,UC,DC,I,admissions,contacts,N1,D1,colonized_incidence,c_cum,total,total_cum,acq_rate
0,10,10,1,0,0,1,709,0.125,0,0,0,21,21,0
1,9,6,1,0,0,0,567,0.166666667,0,0,0,16,37,0
2,11,6,2,0,0,9,711,0.083333333,0,0,0,19,56,0
3,7,6,3,0,0,6,600,0.125,0,1,1,16,72,13.88888889
4,9,9,2,0,0,11,721,0,0,0,1,20,92,10.86956522
5,10,9,2,0,0,8,760,0.041666667,0,1,2,21,113,17.69911504
6,6,5,4,0,0,4,546,0.041666667,0,1,3,15,128,23.4375
7,7,6,1,0,0,6,533,0.041666667,0,0,3,14,142,21.12676056
8,11,9,1,0,0,14,698,0.041666667,0,0,3,21,163,18.40490798
9,8,9,3,0,0,9,739,0.041666667,0.041666667,2,5,20,183,27.32240437
10,6,9,3,0,0,7,624,0.083333333,0,0,5,18,201,24.87562189
11,9,6,2,0,0,8,611,0,0.083333333,0,5,17,218,22.93577982
12,10,5,2,0,0,8,607,0.083333333,0.041666667,1,6,17,235,25.53191489
13,5,8,5,0,0,9,639,0.041666667,0.083333333,2,8,18,253,31.62055336
14,5,5,6,0,0,7,601,0.291666667,0.041666667,0,8,16,269,29.73977695
15,5,7,6,0,0,10,576,0.125,0,1,9,18,287,31.35888502
16,6,9,7,0,0,12,761,0.125,0.041666667,2,11,22,309,35.5987055
17,9,6,3,0,0,7,657,0.416666667,0,0,11,18,327,33.63914373
18,13,4,1,0,0,9,677,0.25,0.041666667,0,11,18,345,31.88405797
19,11,7,3,0,0,12,696,0.083333333,0.041666667,0,11,21,366,30.05464481
20,8,8,2,0,0,7,630,0,0.125,0,11,18,384,28.64583333
21,8,7,1,0,0,7,612,0.083333333,0,0,11,16,400,27.5
22,8,7,1,0,0,8,574,0.166666667,0.041666667,0,11,16,416,26.44230769
23,12,4,2,0,0,10,700,0.166666667,0,1,12,18,434,27.64976959
24,11,5,2,0,0,9,656,0.166666667,0.041666667,0,12,18,452,26.54867257
25,11,6,2,0,0,10,640,0.125,0,0,12,19,471,25.47770701
26,5,11,2,0,0,8,600,0.125,0,1,13,18,489,26.58486708
27,9,5,5,0,0,9,706,0.083333333,0.125,1,14,19,508,27.55905512
28,9,10,1,0,0,10,711,0.083333333,0,0,14,20,528,26.51515152
29,8,12,1,0,0,10,704,0.041666667,0,0,14,21,549,25.50091075
30,6,10,5,0,0,10,700,0.166666667,0,2,16,21,570,28.07017544
31,6,7,2,0,0,5,562,0.125,0.041666667,1,17,15,585,29.05982906
32,8,10,3,0,0,13,740,0.083333333,0.041666667,0,17,21,606,28.05280528
33,6,13,3,0,0,11,773,0.083333333,0.083333333,0,17,22,628,27.07006369
34,7,11,4,0,0,11,738,0.541666667,0.041666667,1,18,22,650,27.69230769
35,5,8,4,0,0,6,601,0.125,0,1,19,17,667,28.48575712
36,8,8,2,0,0,9,619,0.291666667,0,0,19,18,685,27.73722628
37,9,9,1,0,0,10,697,0,0,0,19,19,704,26.98863636
38,8,8,1,0,0,7,602,0.041666667,0,0,19,17,721,26.35228849
39,7,6,2,0,0,6,541,0.208333333,0,1,20,15,736,27.17391304
40,11,6,2,0,0,11,672,0.125,0,0,20,19,755,26.49006623
41,10,3,2,0,0,5,530,0,0,1,21,15,770,27.27272727
42,9,5,3,0,0,9,617,0.333333333,0,0,21,17,787,26.68360864
43,8,4,4,0,0,7,562,0.416666667,0.041666667,1,22,16,803,27.39726027
44,11,4,1,0,0,8,564,0.208333333,0,0,22,16,819,26.86202686
45,12,3,4,0,0,11,675,0.166666667,0.041666667,1,23,19,838,27.44630072
46,4,6,5,0,0,5,561,0.291666667,0.041666667,1,24,15,853,28.13599062
47,7,9,2,0,0,10,658,0.333333333,0,0,24,18,871,27.55453502
48,10,10,2,0,0,13,766,0.166666667,0.083333333,0,24,22,893,26.87569989
49,7,8,4,0,0,8,640,0.166666667,0.041666667,2,26,19,912,28.50877193
50,4,5,7,0,0,6,583,0.208333333,0,2,28,16,928,30.17241379
51,3,6,6,0,0,7,538,0.166666667,0,1,29,15,943,30.75291622
52,8,7,6,0,0,13,752,0.166666667,0,2,31,21,964,32.15767635
53,6,9,3,0,0,7,636,0.041666667,0,0,31,18,982,31.56822811
54,10,7,4,0,0,12,760,0.25,0,1,32,21,1003,31.90428714
55,11,5,6,0,0,11,776,0.583333333,0.041666667,1,33,22,1025,32.19512195
56,8,5,5,0,0,7,634,0.375,0,0,33,18,1043,31.63950144
57,7,3,4,0,0,5,517,0.458333333,0.041666667,1,34,14,1057,32.16650899
58,10,5,3,0,0,11,656,0.083333333,0.041666667,0,34,18,1075,31.62790698
59,9,4,3,0,0,7,589,0.291666667,0.041666667,1,35,16,1091,32.08065995
60,7,6,6,0,0,11,645,0.083333333,0,1,36,19,1110,32.43243243
61,8,3,6,0,0,7,634,0.125,0.083333333,0,36,17,1127,31.94321207
62,10,4,6,0,0,11,743,0.125,0,0,36,20,1147,31.38622493
63,6,10,5,0,0,11,759,0.416666667,0,0,36,21,1168,30.82191781
64,3,12,1,0,0,5,559,0.333333333,0,0,36,16,1184,30.40540541
65,7,10,4,0,0,13,755,0.083333333,0,1,37,21,1205,30.70539419
66,8,6,2,0,0,5,580,0,0,0,37,16,1221,30.3030303
67,6,7,3,0,0,8,566,0.083333333,0,1,38,16,1237,30.71948262
68,7,8,1,0,0,8,535,0,0,0,38,16,1253,30.32721468
69,7,12,3,0,0,14,822,0.291666667,0,0,38,22,1275,29.80392157
70,8,11,2,0,0,10,749,0.041666667,0.041666667,0,38,21,1296,29.32098765
71,10,9,1,0,0,9,670,0.416666667,0,0,38,20,1316,28.87537994
72,10,10,2,0,0,12,804,0.083333333,0,0,38,22,1338,28.40059791
73,5,10,1,0,0,5,620,0,0,0,38,16,1354,28.06499261
74,5,10,1,0,0,8,590,0,0,0,38,16,1370,27.73722628
75,4,11,1,0,0,8,608,0.083333333,0,0,38,16,1386,27.41702742
76,8,10,3,0,0,13,748,0.041666667,0.041666667,0,38,21,1407,27.00781805
77,6,13,2,0,0,10,779,0.25,0,0,38,21,1428,26.61064426
78,7,8,4,0,0,8,703,0.208333333,0,2,40,19,1447,27.64340014
79,9,8,2,0,0,9,693,0,0,0,40,19,1466,27.2851296
80,8,12,2,0,0,12,802,0.083333333,0,0,40,22,1488,26.88172043
81,8,8,4,0,0,9,765,0.125,0,0,40,20,1508,26.52519894
82,5,8,2,0,0,5,544,0.083333333,0,0,40,15,1523,26.26395272
83,7,6,2,0,0,7,554,0.125,0,0,40,15,1538,26.00780234
84,10,6,1,0,0,9,609,0.125,0,0,40,17,1555,25.72347267
85,7,11,2,0,0,11,755,0,0.041666667,0,40,20,1575,25.3968254
86,8,7,5,0,0,10,747,0.083333333,0.041666667,0,40,20,1595,25.07836991
87,8,6,6,0,0,10,754,0.208333333,0.041666667,3,43,20,1615,26.625387
88,7,5,3,0,0,5,532,0.541666667,0,1,44,15,1630,26.99386503
89,11,5,4,0,0,12,722,0.25,0,1,45,20,1650,27.27272727
90,11,7,2,0,0,10,708,0.25,0,0,45,20,1670,26.94610778
91,9,10,1,0,0,10,726,0.083333333,0,0,45,20,1690,26.62721893
92,10,9,2,0,0,11,745,0,0,1,46,21,1711,26.88486265
93,8,7,1,0,0,5,574,0,0,0,46,16,1727,26.6357846
94,5,8,2,0,0,7,573,0.25,0.083333333,0,46,15,1742,26.40642939
95,8,11,3,0,0,14,810,0.125,0.083333333,1,47,22,1764,26.64399093
96,7,10,2,0,0,8,702,0.041666667,0,0,47,19,1783,26.3600673
97,9,11,1,0,0,11,763,0.083333333,0,0,47,21,1804,26.05321508
98,5,9,5,0,0,8,691,0.208333333,0.041666667,2,49,19,1823,26.87877126
99,5,8,2,0,0,5,510,0.083333333,0.041666667,0,49,15,1838,26.6594124
100,6,6,4,0,0,8,547,0.125,0,1,50,16,1854,26.96871629
101,11,7,4,0,0,14,785,0.125,0.083333333,1,51,22,1876,27.18550107
102,7,7,5,0,0,8,681,0.166666667,0,0,51,19,1895,26.91292876
103,9,6,6,0,0,11,782,0.333333333,0.083333333,1,52,21,1916,27.13987474
104,4,6,6,0,0,5,530,0.375,0.083333333,0,52,16,1932,26.91511387
105,10,4,5,0,0,11,662,0.333333333,0.083333333,2,54,19,1951,27.67811379
106,8,7,2,0,0,7,607,0.416666667,0.041666667,0,54,17,1968,27.43902439
107,4,8,3,0,0,6,542,0.375,0,1,55,15,1983,27.73575391
108,5,10,3,0,0,10,649,0.083333333,0.041666667,0,55,18,2001,27.48625687
109,11,7,4,0,0,13,823,0.125,0,1,56,22,2023,27.6816609
110,6,9,5,0,0,9,689,0.25,0.125,1,57,20,2043,27.90014684
111,6,11,2,0,0,9,691,0.333333333,0,1,58,19,2062,28.12803104
112,4,11,2,0,0,7,620,0.25,0,0,58,17,2079,27.8980279
113,5,8,3,0,0,7,602,0.166666667,0,1,59,16,2095,28.16229117
114,6,6,3,0,0,7,521,0.083333333,0,0,59,15,2110,27.96208531
115,13,6,2,0,0,13,736,0.041666667,0,1,60,21,2131,28.1557954
116,10,3,1,0,0,3,492,0,0.041666667,0,60,14,2145,27.97202797
117,11,9,2,0,0,15,804,0.041666667,0,1,61,22,2167,28.14951546
118,7,6,3,0,0,5,577,0.25,0.041666667,1,62,16,2183,28.40128264
119,5,8,4,0,0,9,592,0.333333333,0,0,62,17,2200,28.18181818
120,5,9,3,0,0,8,627,0.083333333,0,1,63,17,2217,28.41677943
121,11,5,3,0,0,10,682,0.166666667,0.041666667,0,63,19,2236,28.17531306
122,7,6,3,0,0,6,585,0.166666667,0,1,64,16,2252,28.41918295
123,5,7,5,0,0,9,576,0.166666667,0.041666667,1,65,17,2269,28.64698105
124,9,10,3,0,0,13,796,0,0,0,65,22,2291,28.37189
125,10,4,5,0,0,8,646,0.208333333,0.041666667,3,68,19,2310,29.43722944
126,12,4,2,0,0,8,626,0.083333333,0,0,68,18,2328,29.20962199
127,8,7,3,0,0,9,631,0.375,0,1,69,18,2346,29.41176471
128,6,7,3,0,0,7,603,0.333333333,0,2,71,16,2362,30.0592718
129,7,5,5,0,0,9,618,0.25,0,1,72,17,2379,30.26481715
130,8,3,4,0,0,6,519,0.166666667,0.083333333,0,72,15,2394,30.07518797
131,8,6,5,0,0,11,645,0.375,0.125,1,73,19,2413,30.25279735
132,7,5,6,0,0,8,625,0.375,0.083333333,1,74,18,2431,30.44014809
133,4,7,9,0,0,11,745,0.208333333,0.083333333,5,79,20,2451,32.23174215
134,4,8,7,0,0,9,660,0.208333333,0,1,80,19,2470,32.38866397
135,5,11,6,0,0,12,761,0.25,0,2,82,22,2492,32.90529695
136,4,7,5,0,0,5,590,0,0.041666667,1,83,16,2508,33.09409888
137,5,8,5,0,0,10,649,0.666666667,0.083333333,1,84,18,2526,33.25415677
138,4,8,6,0,0,9,643,0.208333333,0.041666667,3,87,18,2544,34.19811321
139,7,7,5,0,0,10,702,0.25,0,0,87,19,2563,33.94459618
140,10,4,4,0,0,8,654,0.125,0,1,88,18,2581,34.09531189
141,8,7,4,0,0,10,659,0.166666667,0.041666667,0,88,19,2600,33.84615385
142,11,8,3,0,0,12,813,0.166666667,0,1,89,22,2622,33.94355454
143,10,6,3,0,0,8,730,0.25,0,1,90,19,2641,34.07800076
144,5,6,4,0,0,5,552,0.291666667,0.041666667,0,90,15,2656,33.88554217
145,7,6,2,0,0,7,500,0.041666667,0,0,90,15,2671,33.69524523
146,9,6,3,0,0,10,651,0.083333333,0,0,90,18,2689,33.46969134
147,5,11,3,0,0,10,701,0.208333333,0,0,90,19,2708,33.23485968
148,6,13,3,0,0,12,777,0.083333333,0,0,90,22,2730,32.96703297
149,5,9,2,0,0,5,588,0.125,0,0,90,16,2746,32.77494538
150,10,7,3,0,0,12,704,0.25,0,0,90,20,2766,32.53796095
151,8,7,5,0,0,10,743,0.375,0,1,91,20,2786,32.66331658
152,8,7,2,0,0,7,629,0.083333333,0,0,91,17,2803,32.46521584
153,6,9,1,0,0,8,578,0.083333333,0,0,91,16,2819,32.28095069
154,10,10,2,0,0,14,777,0.041666667,0,1,92,22,2841,32.38296375
155,5,9,1,0,0,4,535,0.041666667,0,0,92,15,2856,32.21288515
156,8,7,4,0,0,12,677,0.208333333,0.083333333,2,94,19,2875,32.69565217
157,4,7,3,0,0,5,474,0.125,0.083333333,2,96,14,2889,33.22949117
158,9,5,3,0,0,10,626,0.041666667,0,1,97,17,2906,33.37921542
159,9,3,3,0,0,7,560,0.041666667,0.041666667,2,99,15,2921,33.89250257
160,12,7,3,0,0,15,750,0.083333333,0,1,100,22,2943,33.97893306
161,9,3,3,0,0,4,506,0.083333333,0,1,101,15,2958,34.14469236
162,12,9,1,0,0,15,765,0.25,0.041666667,0,101,22,2980,33.89261745
163,7,6,2,0,0,4,530,0.083333333,0.041666667,1,102,15,2995,34.05676127
164,10,9,3,0,0,15,805,0.25,0.041666667,0,102,22,3017,33.80841896
165,7,11,0,0,0,7,653,0.041666667,0,0,102,18,3035,33.60790774
166,7,8,2,0,0,8,614,0.041666667,0,1,103,17,3052,33.74836173
167,7,7,4,0,0,10,657,0.208333333,0,1,104,18,3070,33.8762215
168,4,8,4,0,0,7,597,0.208333333,0.041666667,1,105,16,3086,34.02462735
169,7,10,5,0,0,14,839,0.083333333,0.041666667,0,105,22,3108,33.78378378
170,9,10,3,0,0,11,788,0.166666667,0,2,107,22,3130,34.18530351
171,13,5,2,0,0,9,700,0.125,0.041666667,0,107,20,3150,33.96825397
172,9,7,6,0,0,12,818,0.375,0.041666667,1,108,22,3172,34.04791929
173,8,2,6,0,0,5,540,0.5,0.041666667,1,109,16,3188,34.19071518
174,6,8,5,0,0,11,638,0.125,0.041666667,1,110,19,3207,34.29996882
175,7,10,4,0,0,12,820,0.5,0.041666667,1,111,21,3228,34.3866171
176,6,8,2,0,0,6,557,0.25,0.041666667,0,111,16,3244,34.21701603
177,8,12,2,0,0,14,780,0.041666667,0,1,112,22,3266,34.2927128
178,6,6,3,0,0,4,515,0.208333333,0.041666667,2,114,15,3281,34.74550442
179,11,8,3,0,0,15,797,0.125,0,0,114,22,3303,34.51407811
180,5,8,3,0,0,5,587,0.333333333,0,1,115,16,3319,34.64899066
181,10,9,2,0,0,13,764,0.041666667,0,0,115,21,3340,34.43113772
182,6,10,3,0,0,9,640,0.125,0,0,115,19,3359,34.23637987
183,7,7,1,0,0,6,543,0.583333333,0,0,115,15,3374,34.08417309
184,9,9,3,0,0,14,750,0.333333333,0.125,2,117,21,3395,34.46244477
185,9,10,2,0,0,11,722,0.083333333,0,0,117,21,3416,34.25058548
186,6,7,4,0,0,7,604,0.166666667,0.041666667,3,120,17,3433,34.95484999
187,8,6,1,0,0,7,553,0,0,0,120,15,3448,34.80278422
188,9,7,1,0,0,10,631,0,0.083333333,0,120,17,3465,34.63203463
189,9,5,1,0,0,7,529,0.041666667,0,0,120,15,3480,34.48275862
190,10,8,4,0,0,15,814,0.125,0.041666667,1,121,22,3502,34.55168475
191,11,6,4,0,0,10,736,0.125,0,1,122,21,3523,34.62957707
192,9,6,3,0,0,8,684,0.25,0.041666667,0,122,18,3541,34.4535442
193,8,6,2,0,0,7,557,0.083333333,0.083333333,0,122,16,3557,34.29856621
194,5,8,3,0,0,8,562,0.041666667,0.083333333,0,122,16,3573,34.14497621
195,8,7,5,0,0,12,711,0.208333333,0.083333333,2,124,20,3593,34.51155024
196,7,6,5,0,0,8,647,0,0.083333333,0,124,18,3611,34.33951814
197,8,10,4,0,0,13,807,0.041666667,0.083333333,1,125,22,3633,34.40682631
198,6,7,4,0,0,6,593,0.083333333,0.083333333,2,127,17,3650,34.79452055
199,7,8,5,0,0,12,710,0.041666667,0,1,128,20,3670,34.8773842
200,7,6,5,0,0,8,670,0.166666667,0,0,128,18,3688,34.70715835
201,9,7,2,0,0,9,656,0.083333333,0,0,128,18,3706,34.53858608
202,9,8,1,0,0,9,651,0,0,0,128,18,3724,34.37164339
203,4,13,2,0,0,10,687,0.083333333,0.041666667,0,128,19,3743,34.19716805
204,6,7,4,0,0,8,597,0.083333333,0,0,128,17,3760,34.04255319
205,8,8,3,0,0,11,662,0.291666667,0,0,128,19,3779,33.87139455
206,7,10,3,0,0,11,685,0.166666667,0.083333333,0,128,20,3799,33.69307713
207,6,7,4,0,0,7,610,0.083333333,0,1,129,17,3816,33.80503145
208,5,10,6,0,0,13,770,0.5,0,2,131,21,3837,34.14125619
209,6,12,3,0,0,11,767,0.375,0,0,131,21,3858,33.95541731
210,8,8,3,0,0,9,687,0.291666667,0,0,131,19,3877,33.78901212
211,6,12,0,0,0,9,610,0.083333333,0,0,131,18,3895,33.63286264
212,4,11,2,0,0,8,623,0.208333333,0,0,131,17,3912,33.48670757
213,7,10,1,0,0,10,691,0,0,1,132,18,3930,33.58778626
214,7,10,2,0,0,10,627,0,0,0,132,19,3949,33.42618384
215,5,9,4,0,0,9,638,0.166666667,0,0,132,18,3967,33.27451475
216,10,8,3,0,0,12,699,0.083333333,0.041666667,0,132,21,3988,33.09929789
217,7,6,2,0,0,5,567,0.166666667,0.041666667,0,132,15,4003,32.97526855
218,10,7,2,0,0,12,680,0.041666667,0.041666667,0,132,19,4022,32.81949279
219,11,8,1,0,0,11,738,0.125,0,0,132,20,4042,32.65710045
220,14,6,1,0,0,11,780,0.083333333,0,0,132,21,4063,32.48830913
221,10,2,5,0,0,7,571,0.208333333,0,2,134,17,4080,32.84313725
222,11,6,1,0,0,10,681,0.208333333,0,1,135,18,4098,32.94289898
223,12,6,3,0,0,12,763,0.083333333,0.041666667,1,136,21,4119,33.01772275
224,10,7,3,0,0,10,670,0.083333333,0,1,137,20,4139,33.09978256
225,7,9,3,0,0,9,699,0.291666667,0.041666667,1,138,19,4158,33.18903319
226,7,9,4,0,0,11,730,0.166666667,0.041666667,1,139,20,4178,33.26950694
227,7,7,2,0,0,6,561,0.125,0.041666667,0,139,16,4194,33.14258464
228,12,7,2,0,0,13,754,0.166666667,0,0,139,21,4215,32.97746145
229,6,9,3,0,0,8,632,0.083333333,0,0,139,18,4233,32.83723128
230,3,11,2,0,0,7,599,0.083333333,0,0,139,16,4249,32.71357967
231,5,11,3,0,0,11,668,0.291666667,0,0,139,19,4268,32.56794752
232,10,5,1,0,0,7,578,0.166666667,0,0,139,16,4284,32.44631186
233,10,5,1,0,0,8,603,0.041666667,0.041666667,0,139,16,4300,32.3255814
234,10,8,3,0,0,13,779,0.166666667,0.041666667,0,139,21,4321,32.16847952
235,8,6,3,0,0,7,606,0.125,0.041666667,0,139,17,4338,32.04241586
236,5,9,5,0,0,11,699,0.166666667,0,0,139,19,4357,31.90268533
237,5,9,4,0,0,9,687,0.083333333,0,1,140,18,4375,32
238,4,7,5,0,0,7,555,0.125,0,0,140,16,4391,31.88339786
239,8,8,4,0,0,12,701,0.25,0.041666667,0,140,20,4411,31.73883473
240,6,6,5,0,0,7,613,0.208333333,0.083333333,0,140,17,4428,31.61698284
241,7,9,5,0,0,13,757,0.375,0,2,142,21,4449,31.91728478
242,7,5,6,0,0,8,647,0.083333333,0,1,143,18,4467,32.01253638
243,12,2,7,0,0,12,771,0.333333333,0,3,146,21,4488,32.5311943
244,8,3,4,0,0,5,557,0.333333333,0,0,146,15,4503,32.42282922
245,5,6,4,0,0,8,517,0.25,0,1,147,15,4518,32.53652058
246,6,9,3,0,0,11,675,0.041666667,0,0,147,18,4536,32.40740741
247,6,8,4,0,0,9,665,0.083333333,0,1,148,18,4554,32.49890206
248,11,6,2,0,0,10,698,0.083333333,0,0,148,19,4573,32.36387492
249,8,9,3,0,0,11,714,0,0.041666667,0,148,20,4593,32.22294796
250,7,8,1,0,0,6,573,0.125,0.041666667,0,148,16,4609,32.111087
251,6,9,5,0,0,12,709,0.25,0.083333333,3,151,20,4629,32.62043638
252,9,8,4,0,0,11,712,0.375,0,1,152,21,4650,32.68817204
253,4,7,3,0,0,4,530,0.083333333,0,0,152,14,4664,32.59005146
254,3,9,5,0,0,10,630,0.166666667,0.041666667,2,154,17,4681,32.89895322
255,10,9,3,0,0,14,780,0.083333333,0.041666667,0,154,22,4703,32.74505635
256,8,9,5,0,0,11,836,0.375,0.083333333,0,154,22,4725,32.59259259
257,7,11,3,0,0,10,794,0.125,0,0,154,21,4746,32.44837758
258,8,7,4,0,0,9,726,0.458333333,0,0,154,19,4765,32.31899265
259,12,3,5,0,0,11,737,0.166666667,0.041666667,3,157,20,4785,32.81086729
260,7,4,4,0,0,5,554,0.333333333,0.041666667,0,157,15,4800,32.70833333
261,7,9,3,0,0,12,718,0.375,0,0,157,19,4819,32.57937331
262,5,9,1,0,0,6,539,0,0,0,157,15,4834,32.47827886
263,7,7,3,0,0,10,625,0.125,0.041666667,0,157,17,4851,32.36446094
264,8,3,4,0,0,7,539,0.291666667,0.041666667,2,159,15,4866,32.675709
265,9,7,3,0,0,12,716,0.375,0.041666667,0,159,19,4885,32.54861822
266,9,10,2,0,0,12,745,0.083333333,0.041666667,2,161,21,4906,32.81695883
267,6,7,2,0,0,5,569,0.083333333,0.125,0,161,15,4921,32.71692745
268,8,6,5,0,0,12,697,0.166666667,0.083333333,1,162,19,4940,32.79352227
269,14,1,3,0,0,9,680,0.083333333,0.041666667,0,162,18,4958,32.67446551
270,10,5,2,0,0,8,615,0.208333333,0,0,162,17,4975,32.56281407
271,14,4,2,0,0,12,710,0.208333333,0.041666667,1,163,20,4995,32.63263263
272,12,4,3,0,0,9,688,0.083333333,0,1,164,19,5014,32.70841643
273,10,6,6,0,0,13,736,0.333333333,0.083333333,2,166,22,5036,32.96266878
274,9,4,3,0,0,5,595,0.208333333,0.041666667,0,166,16,5052,32.85827395
275,7,8,3,0,0,10,653,0.083333333,0.083333333,1,167,18,5070,32.93885602
276,10,5,2,0,0,8,561,0.041666667,0,0,167,17,5087,32.82877924
277,10,11,1,0,0,14,820,0.125,0.041666667,0,167,22,5109,32.68741437
278,12,9,1,0,0,11,812,0.25,0,1,168,22,5131,32.74215553
279,12,8,0,0,0,9,779,0.125,0.041666667,0,168,20,5151,32.61502621
280,6,9,3,0,0,8,657,0.208333333,0,2,170,18,5169,32.88837299
281,5,10,0,0,0,6,514,0.125,0.041666667,0,170,15,5184,32.79320988
282,6,12,4,0,0,15,836,0.333333333,0.125,2,172,22,5206,33.03880138
283,7,7,3,0,0,6,593,0.041666667,0,1,173,17,5223,33.1227264
284,6,7,2,0,0,7,512,0.25,0.041666667,0,173,15,5238,33.02787323
285,6,10,6,0,0,15,805,0.333333333,0.041666667,0,173,22,5260,32.88973384
286,2,10,6,0,0,7,652,0.166666667,0.041666667,2,175,18,5278,33.15649867
287,4,6,4,0,0,5,483,0.125,0,1,176,14,5292,33.25774754
288,8,6,6,0,0,13,710,0.25,0.041666667,3,179,20,5312,33.69728916
289,10,2,4,0,0,6,559,0.166666667,0.041666667,1,180,16,5328,33.78378378
290,6,6,3,0,0,7,591,0.375,0.041666667,0,180,15,5343,33.6889388
291,8,7,2,0,0,10,623,0.166666667,0.041666667,1,181,17,5360,33.76865672
292,7,7,1,0,0,7,538,0,0,0,181,15,5375,33.6744186
293,12,10,0,0,0,15,754,0,0.041666667,0,181,22,5397,33.53715027
294,8,8,2,0,0,7,607,0.208333333,0.041666667,1,182,18,5415,33.61034164
295,11,8,2,0,0,12,765,0.208333333,0.125,0,182,21,5436,33.48050037
296,8,6,4,0,0,8,653,0.166666667,0.083333333,1,183,18,5454,33.55335534
297,11,6,4,0,0,12,748,0.041666667,0.041666667,0,183,21,5475,33.42465753
298,10,8,3,0,0,11,710,0.166666667,0,0,183,21,5496,33.29694323
299,7,6,5,0,0,8,679,0.25,0,0,183,18,5514,33.1882481
300,7,7,2,0,0,7,553,0.125,0.083333333,0,183,16,5530,33.09222423
301,6,6,4,0,0,8,585,0.25,0,0,183,16,5546,32.99675442
302,8,7,2,0,0,9,615,0.125,0,0,183,17,5563,32.89591947
303,8,5,3,0,0,8,555,0.166666667,0.125,0,183,16,5579,32.80157734
304,10,6,6,0,0,14,800,0.125,0.041666667,3,186,22,5601,33.20835565
305,11,6,4,0,0,10,764,0.25,0.041666667,1,187,21,5622,33.26218428
306,12,5,2,0,0,9,670,0.041666667,0.041666667,0,187,19,5641,33.15015068
307,11,8,3,0,0,13,828,0.166666667,0.041666667,1,188,22,5663,33.19795162
308,7,11,4,0,0,11,775,0.25,0,1,189,22,5685,33.24538259
309,7,13,2,0,0,11,836,0.041666667,0,0,189,22,5707,33.11722446
310,7,10,3,0,0,9,682,0.583333333,0,1,190,20,5727,33.17618299
311,4,8,2,0,0,4,517,0.125,0.041666667,0,190,14,5741,33.09527957
312,10,10,2,0,0,15,790,0.166666667,0.041666667,0,190,22,5763,32.96893979
313,6,7,2,0,0,4,527,0.083333333,0,0,190,15,5778,32.88335064
314,9,11,1,0,0,14,753,0.041666667,0.041666667,0,190,21,5799,32.7642697
315,12,5,1,0,0,8,649,0,0,0,190,18,5817,32.66288465
316,9,11,1,0,0,12,751,0.125,0,0,190,21,5838,32.54539226
317,11,8,3,0,0,12,793,0.125,0.041666667,0,190,22,5860,32.42320819
318,6,7,3,0,0,5,561,0.083333333,0,0,190,16,5876,32.33492172
319,7,5,3,0,0,7,559,0.125,0,1,191,15,5891,32.42233916
320,9,9,2,0,0,13,704,0.25,0.041666667,0,191,20,5911,32.31263746
321,7,9,1,0,0,7,607,0.25,0.083333333,0,191,17,5928,32.21997301
322,7,9,1,0,0,9,633,0.125,0,0,191,17,5945,32.12783852
323,10,8,1,0,0,11,638,0.208333333,0,0,191,19,5964,32.02548625
324,7,10,4,0,0,12,719,0.166666667,0.083333333,1,192,21,5985,32.0802005
325,10,7,5,0,0,12,743,0.166666667,0,0,192,22,6007,31.96271017
326,8,3,4,0,0,4,564,0.458333333,0,0,192,15,6022,31.88309532
327,8,6,4,0,0,11,633,0.083333333,0,0,192,18,6040,31.78807947
328,8,6,4,0,0,9,609,0.083333333,0.125,2,194,18,6058,32.02377022
329,9,4,3,0,0,7,588,0.208333333,0,1,195,16,6074,32.10405005
330,6,7,1,0,0,6,514,0.166666667,0,0,195,14,6088,32.03022339
331,10,6,3,0,0,12,659,0.25,0.041666667,1,196,19,6107,32.094318
332,9,10,3,0,0,13,817,0.208333333,0.041666667,0,196,22,6129,31.97911568
333,7,8,2,0,0,6,605,0.166666667,0,1,197,17,6146,32.05336804
334,8,7,3,0,0,10,659,0.041666667,0,0,197,18,6164,31.95976639
335,10,5,2,0,0,8,626,0.166666667,0,1,198,17,6181,32.03365151
336,13,7,2,0,0,14,759,0.208333333,0.083333333,0,198,22,6203,31.92003869
337,10,5,2,0,0,6,607,0.458333333,0.041666667,1,199,17,6220,31.99356913
338,11,7,3,0,0,13,751,0.083333333,0.041666667,0,199,21,6241,31.88591572
339,9,8,4,0,0,11,769,0.083333333,0,0,199,21,6262,31.77898435
340,5,8,2,0,0,5,500,0.083333333,0.041666667,0,199,15,6277,31.70304285
341,7,5,4,0,0,9,560,0.083333333,0.083333333,1,200,16,6293,31.78134435
342,8,6,2,0,0,8,587,0.083333333,0.083333333,0,200,16,6309,31.70074497
343,12,3,4,0,0,11,709,0.083333333,0,2,202,19,6328,31.9216182
344,8,4,5,0,0,8,664,0.25,0,1,203,17,6345,31.99369582
345,8,7,4,0,0,11,674,0.208333333,0,0,203,19,6364,31.89817725
346,12,5,4,0,0,12,734,0.041666667,0,0,203,21,6385,31.79326547
347,8,8,2,0,0,8,633,0.125,0.041666667,1,204,18,6403,31.86006559
348,9,4,3,0,0,7,563,0.208333333,0,1,205,16,6419,31.9364387
349,11,5,2,0,0,10,672,0.291666667,0.041666667,0,205,18,6437,31.84713376
350,12,7,2,0,0,12,732,0.208333333,0,0,205,21,6458,31.74357386
351,6,8,3,0,0,7,622,0.208333333,0,0,205,17,6475,31.66023166
352,10,5,4,0,0,11,722,0.083333333,0,1,206,19,6494,31.72158916
353,7,6,3,0,0,7,585,0.083333333,0,0,206,16,6510,31.64362519
354,7,9,5,0,0,13,809,0.125,0.041666667,1,207,21,6531,31.69499311
355,6,9,2,0,0,7,583,0.125,0,0,207,17,6548,31.61270617
356,7,10,2,0,0,11,740,0.083333333,0,0,207,19,6567,31.52124258
357,8,9,1,0,0,9,672,0,0,0,207,18,6585,31.43507973
358,8,6,1,0,0,6,543,0.125,0,0,207,15,6600,31.36363636
359,7,10,2,0,0,12,687,0.208333333,0.083333333,0,207,19,6619,31.27360628
360,6,11,3,0,0,11,707,0.208333333,0.125,2,209,20,6639,31.48064468
361,6,6,4,0,0,6,571,0.166666667,0.083333333,0,209,16,6655,31.40495868
362,10,6,5,0,0,13,766,0.125,0,1,210,21,6676,31.45596165
363,12,5,5,0,0,12,800,0.208333333,0.041666667,0,210,22,6698,31.35264258
364,8,6,6,0,0,9,707,0.666666667,0.041666667,1,211,20,6718,31.40815719
365,7,9,5,0,0,11,731,0.541666667,0.041666667,0,211,21,6739,31.31028342
366,8,11,2,0,0,11,767,0.125,0.166666667,0,211,21,6760,31.21301775
367,8,10,2,0,0,10,676,0.291666667,0.083333333,1,212,20,6780,31.26843658
368,7,10,4,0,0,11,793,0.166666667,0,0,212,21,6801,31.17188649
369,6,5,4,0,0,5,519,0.083333333,0.041666667,0,212,15,6816,31.10328638
370,8,7,1,0,0,9,560,0.041666667,0,0,212,16,6832,31.03044496
371,7,8,0,0,0,7,558,0.083333333,0,0,212,15,6847,30.96246531
372,7,9,1,0,0,10,632,0.166666667,0,0,212,17,6864,30.88578089
373,6,8,3,0,0,9,602,0.208333333,0,1,213,17,6881,30.95480308
374,8,6,4,0,0,10,621,0.125,0,0,213,18,6899,30.87403972
375,10,5,3,0,0,9,613,0.166666667,0,0,213,18,6917,30.79369669
376,12,5,3,0,0,11,683,0,0.041666667,0,213,20,6937,30.70491567
377,9,5,2,0,0,6,579,0.083333333,0.041666667,0,213,16,6953,30.63425859
378,10,7,3,0,0,12,746,0.208333333,0.041666667,1,214,20,6973,30.68980353
379,12,6,1,0,0,9,696,0.25,0.041666667,0,214,19,6992,30.60640732
380,15,4,1,0,0,11,699,0,0.041666667,0,214,20,7012,30.5191101
381,10,7,1,0,0,8,662,0.083333333,0,0,214,18,7030,30.44096728
382,8,7,1,0,0,7,570,0.041666667,0,0,214,16,7046,30.37184218
383,9,8,1,0,0,10,679,0,0,0,214,18,7064,30.29445074
384,8,10,2,0,0,11,716,0.125,0.083333333,0,214,20,7084,30.20892151
385,14,7,1,0,0,12,815,0.083333333,0,0,214,22,7106,30.11539544
386,11,7,1,0,0,8,672,0.125,0,0,214,19,7125,30.03508772
387,10,5,0,0,0,6,556,0,0.041666667,0,214,15,7140,29.9719888
388,8,10,1,0,0,12,697,0,0,0,214,19,7159,29.89244308
389,10,8,1,0,0,10,682,0.166666667,0,0,214,19,7178,29.81331847
390,8,10,0,0,0,9,683,0,0,0,214,18,7196,29.73874375
391,9,10,1,0,0,11,736,0.166666667,0,0,214,20,7216,29.65631929
392,8,8,1,0,0,7,625,0.041666667,0,0,214,17,7233,29.58661689
393,10,9,0,0,0,11,695,0,0,0,214,19,7252,29.50910094
394,9,7,2,0,0,9,686,0.25,0,1,215,18,7270,29.5735901
395,9,6,1,0,0,7,592,0,0.083333333,0,215,16,7286,29.50864672
396,11,6,3,0,0,12,725,0,0,1,216,20,7306,29.56474131
397,4,12,6,0,0,12,801,0.208333333,0.041666667,2,218,22,7328,29.7489083
398,6,6,5,0,0,6,650,0.125,0.083333333,0,218,17,7345,29.68005446
399,11,8,3,0,0,14,763,0.166666667,0,0,218,22,7367,29.5914212
400,10,8,0,0,0,7,646,0.041666667,0,0,218,18,7385,29.51929587
401,7,12,0,0,0,10,688,0,0,0,218,19,7404,29.44354403
402,11,10,1,0,0,13,794,0.083333333,0,0,218,22,7426,29.35631565
403,7,7,0,0,0,3,514,0.041666667,0,0,218,14,7440,29.30107527
404,12,3,2,0,0,10,659,0.375,0,1,219,17,7457,29.3683787
405,8,7,3,0,0,10,650,0.166666667,0,0,219,18,7475,29.29765886
406,7,9,4,0,0,11,713,0.083333333,0,3,222,20,7495,29.6197465
407,4,8,3,0,0,5,516,0.125,0,0,222,15,7510,29.56058589
408,5,7,2,0,0,7,505,0.416666667,0.041666667,1,223,14,7524,29.63849016
409,3,9,2,0,0,7,496,0.083333333,0,1,224,14,7538,29.71610507
410,8,9,5,0,0,15,792,0.125,0,2,226,22,7560,29.89417989
411,8,7,2,0,0,6,618,0.125,0,0,226,17,7577,29.82710835
412,11,5,5,0,0,13,825,0.291666667,0,1,227,21,7598,29.87628323
413,7,4,4,0,0,5,572,0.541666667,0,1,228,15,7613,29.94877184
414,6,8,5,0,0,12,686,0.083333333,0.041666667,2,230,19,7632,30.13626834
415,7,8,5,0,0,11,760,0.166666667,0,1,231,20,7652,30.1881861
416,8,11,3,0,0,12,782,0.25,0.041666667,0,231,22,7674,30.10164191
417,10,8,3,0,0,10,762,0.166666667,0.041666667,0,231,21,7695,30.01949318
418,7,6,2,0,0,5,515,0.375,0.041666667,1,232,15,7710,30.09079118
419,9,6,3,0,0,11,641,0.083333333,0,0,232,18,7728,30.02070393
420,8,7,2,0,0,8,610,0.125,0.041666667,1,233,17,7745,30.08392511
421,4,10,1,0,0,7,555,0.25,0,1,234,15,7760,30.15463918
422,7,6,4,0,0,10,636,0.125,0,3,237,17,7777,30.47447602
423,8,10,2,0,0,12,696,0.125,0,0,237,20,7797,30.39630627
424,7,6,2,0,0,5,536,0.083333333,0.041666667,1,238,15,7812,30.46594982
425,8,9,0,0,0,10,598,0,0,0,238,17,7829,30.39979563
426,6,9,2,0,0,9,642,0.166666667,0,1,239,17,7846,30.4613816
427,8,9,1,0,0,10,612,0.083333333,0,0,239,18,7864,30.39165819
428,7,5,4,0,0,7,579,0.375,0.041666667,2,241,16,7880,30.58375635
429,6,6,3,0,0,7,569,0.333333333,0.041666667,1,242,15,7895,30.65231159
430,6,8,5,0,0,12,680,0.083333333,0.041666667,3,245,19,7914,30.95779631
431,8,4,4,0,0,7,597,0.208333333,0,0,245,16,7930,30.89533417
432,8,4,3,0,0,7,547,0.041666667,0,0,245,15,7945,30.83700441
433,12,6,2,0,0,13,705,0.125,0,0,245,20,7965,30.75957313
434,9,9,1,0,0,9,651,0.291666667,0,0,245,19,7984,30.68637275
435,10,12,0,0,0,13,800,0.041666667,0,0,245,22,8006,30.60204846
436,11,8,1,0,0,9,717,0.041666667,0,1,246,20,8026,30.65038624
437,11,4,0,0,0,5,541,0,0,0,246,15,8041,30.5932098
438,8,11,2,0,0,14,758,0.041666667,0.041666667,0,246,21,8062,30.51352022
439,7,7,6,0,0,10,688,0.291666667,0,1,247,20,8082,30.56174214
440,8,8,5,0,0,11,745,0.166666667,0.041666667,1,248,21,8103,30.60594841
441,10,7,3,0,0,10,700,0.125,0,0,248,20,8123,30.53059215
442,7,11,3,0,0,11,763,0.125,0,1,249,21,8144,30.57465619
443,6,4,7,0,0,7,609,0.166666667,0.083333333,4,253,17,8161,31.00110281
444,7,5,6,0,0,10,656,0.208333333,0.041666667,1,254,18,8179,31.05514122
445,6,7,4,0,0,8,614,0.208333333,0,1,255,17,8196,31.11273792
446,10,7,5,0,0,14,807,0.083333333,0.041666667,1,256,22,8218,31.15113166
447,8,5,5,0,0,7,640,0.25,0.041666667,1,257,18,8236,31.20446819
448,8,7,3,0,0,9,646,0.166666667,0,2,259,18,8254,31.37872547
449,6,5,5,0,0,7,578,0.291666667,0.166666667,2,261,16,8270,31.5598549
450,8,5,8,0,0,13,749,0.25,0.041666667,1,262,21,8291,31.6005307
451,10,3,6,0,0,9,661,0.125,0,0,262,19,8310,31.52827918
452,6,6,6,0,0,9,632,0.083333333,0,2,264,18,8328,31.70028818
453,7,6,3,0,0,7,582,0.041666667,0,0,264,16,8344,31.63950144
454,5,9,3,0,0,9,629,0.083333333,0.041666667,1,265,17,8361,31.69477335
455,8,5,7,0,0,12,718,0.25,0.125,2,267,20,8381,31.85777354
456,7,8,5,0,0,10,716,0.208333333,0.041666667,1,268,20,8401,31.90096417
457,8,5,3,0,0,6,549,0.125,0,1,269,16,8417,31.95913033
458,3,12,5,0,0,12,708,0.166666667,0.083333333,1,270,20,8437,32.00189641
459,4,7,4,0,0,5,556,0.041666667,0.041666667,1,271,15,8452,32.06341694
460,7,7,1,0,0,8,498,0.125,0,0,271,15,8467,32.00661391
461,12,9,1,0,0,15,774,0.083333333,0.083333333,0,271,22,8489,31.92366592
462,13,7,2,0,0,11,805,0.125,0,1,272,22,8511,31.95864176
463,9,9,3,0,0,10,724,0.125,0.041666667,1,273,21,8532,31.99718706
464,5,7,3,0,0,5,544,0.166666667,0.083333333,0,273,15,8547,31.94103194
465,11,6,3,0,0,13,717,0.25,0.041666667,1,274,20,8567,31.98319132
466,9,3,3,0,0,5,549,0,0.041666667,1,275,15,8582,32.04381263
467,9,7,4,0,0,13,749,0.083333333,0.041666667,1,276,20,8602,32.0855615
468,6,8,1,0,0,5,560,0.166666667,0,0,276,15,8617,32.02970872
469,6,10,2,0,0,11,652,0.041666667,0.041666667,0,276,18,8635,31.96294152
470,7,10,3,0,0,11,697,0.125,0,2,278,20,8655,32.12016176
471,5,5,5,0,0,5,522,0.125,0.041666667,1,279,15,8670,32.1799308
472,7,6,6,0,0,12,654,0.041666667,0.083333333,0,279,19,8689,32.10956382
473,8,6,4,0,0,9,627,0.208333333,0.041666667,0,279,18,8707,32.04318365
474,12,9,1,0,0,13,831,0.25,0.041666667,0,279,22,8729,31.9624241
475,7,6,4,0,0,6,611,0.208333333,0.083333333,3,282,17,8746,32.24331123
476,12,7,3,0,0,14,806,0.041666667,0,1,283,22,8768,32.27645985
477,6,5,4,0,0,4,580,0.416666667,0,2,285,15,8783,32.4490493
478,8,6,3,0,0,10,567,0,0,1,286,17,8800,32.5
479,6,8,4,0,0,10,625,0.125,0.041666667,2,288,18,8818,32.66046723
480,8,8,4,0,0,11,702,0.375,0,1,289,20,8838,32.69970582
481,5,7,5,0,0,7,614,0.166666667,0.041666667,0,289,17,8855,32.63692829
482,9,7,2,0,0,10,671,0.041666667,0.041666667,0,289,18,8873,32.57072016
483,9,6,0,0,0,6,570,0,0,0,289,15,8888,32.51575158
484,11,8,0,0,0,12,713,0.041666667,0,0,289,19,8907,32.44639048
485,11,5,4,0,0,11,712,0.041666667,0.083333333,0,289,20,8927,32.37369777
486,7,5,4,0,0,6,604,0.208333333,0,1,290,16,8943,32.427597
487,11,7,4,0,0,14,802,0.083333333,0.041666667,1,291,22,8965,32.45956497
488,10,8,2,0,0,9,711,0.125,0,1,292,20,8985,32.49860879
489,6,11,1,0,0,8,656,0.25,0,0,292,18,9003,32.43363323
490,8,10,1,0,0,10,710,0.041666667,0,0,292,19,9022,32.3653292
491,8,7,3,0,0,9,683,0.125,0.083333333,1,293,18,9040,32.41150442
492,11,8,3,0,0,13,824,0.041666667,0.041666667,0,293,22,9062,32.33281836
493,6,8,4,0,0,7,675,0.083333333,0.041666667,0,293,18,9080,32.26872247
494,4,15,2,0,0,12,761,0.083333333,0,0,293,21,9101,32.19426437
495,6,11,2,0,0,9,689,0,0.083333333,0,293,19,9120,32.12719298
496,11,5,4,0,0,11,696,0.291666667,0.041666667,0,293,20,9140,32.05689278
497,6,9,3,0,0,8,631,0.083333333,0,2,295,18,9158,32.21227342
498,11,8,2,0,0,12,754,0.166666667,0,0,295,21,9179,32.13857719
499,10,4,2,0,0,6,597,0.083333333,0,1,296,16,9195,32.19140837
500,11,7,1,0,0,11,623,0.208333333,0.041666667,0,296,19,9214,32.12502713
501,8,6,3,0,0,8,618,0.416666667,0,0,296,17,9231,32.06586502
502,8,6,0,0,0,6,539,0.041666667,0,0,296,14,9245,32.01730665
503,9,9,2,0,0,13,736,0,0.125,0,296,20,9265,31.94819212
504,9,9,3,0,0,11,752,0.083333333,0.041666667,1,297,21,9286,31.98363127
505,9,4,5,0,0,8,597,0.583333333,0.041666667,1,298,18,9304,32.02923474
506,10,5,3,0,0,9,679,0.333333333,0,1,299,18,9322,32.07466209
507,10,3,1,0,0,5,492,0.125,0,0,299,14,9336,32.02656384
508,9,4,2,0,0,8,498,0.125,0.041666667,0,299,15,9351,31.97518982
509,10,5,2,0,0,10,597,0.208333333,0,0,299,17,9368,31.91716482
510,9,9,2,0,0,12,686,0.125,0.041666667,1,300,20,9388,31.95568811
511,10,12,0,0,0,12,800,0.083333333,0,0,300,22,9410,31.88097768
512,7,12,2,0,0,10,746,0.125,0,0,300,21,9431,31.80998834
513,8,8,2,0,0,8,636,0.041666667,0,0,300,18,9449,31.74939147
514,10,9,2,0,0,12,774,0.25,0.041666667,0,300,21,9470,31.67898627
515,7,2,6,0,0,5,534,0.25,0.083333333,0,300,15,9485,31.62888772
516,6,9,4,0,0,12,681,0.125,0,1,301,19,9504,31.67087542
517,7,10,5,0,0,13,823,0.333333333,0,1,302,22,9526,31.70270838
518,5,7,4,0,0,5,557,0.041666667,0,1,303,16,9542,31.75434919
519,6,10,2,0,0,10,632,0.125,0,0,303,18,9560,31.69456067
520,7,10,5,0,0,13,789,0.208333333,0.083333333,2,305,22,9582,31.83051555
521,4,9,5,0,0,7,665,0.375,0.041666667,1,306,18,9600,31.875
522,10,10,2,0,0,13,789,0,0,0,306,22,9622,31.80212014
523,10,8,3,0,0,10,752,0.25,0.041666667,0,306,21,9643,31.73286322
524,7,7,2,0,0,6,595,0.208333333,0.041666667,0,306,16,9659,31.68029817
525,9,4,3,0,0,8,579,0.208333333,0.083333333,0,306,16,9675,31.62790698
526,7,7,1,0,0,7,516,0.333333333,0.041666667,1,307,15,9690,31.68214654
527,7,9,1,0,0,10,624,0.166666667,0,0,307,17,9707,31.62666117
528,8,8,1,0,0,9,596,0.166666667,0,0,307,17,9724,31.57136981
529,10,5,1,0,0,8,585,0,0,0,307,16,9740,31.51950719
530,8,5,3,0,0,8,593,0.125,0.083333333,0,307,16,9756,31.46781468
531,13,6,3,0,0,14,789,0.166666667,0,0,307,22,9778,31.3970137
532,10,4,2,0,0,5,593,0.041666667,0.166666667,0,307,16,9794,31.34572187
533,8,5,2,0,0,7,544,0.125,0.041666667,0,307,15,9809,31.29778775
534,5,7,3,0,0,8,545,0.25,0.041666667,0,307,15,9824,31.25
535,6,8,2,0,0,9,553,0.125,0.041666667,1,308,16,9840,31.30081301
536,3,13,2,0,0,10,648,0.083333333,0.041666667,0,308,18,9858,31.24365997
537,0,12,3,0,0,6,533,0.25,0,0,308,15,9873,31.19619163
538,1,12,4,0,0,10,623,0.291666667,0.125,0,308,17,9890,31.14256825
539,3,9,4,0,0,8,583,0.291666667,0,0,308,16,9906,31.09226731
540,8,9,4,0,0,13,740,0.083333333,0,0,308,21,9927,31.0264934
541,4,10,1,0,0,5,549,0.083333333,0.041666667,0,308,15,9942,30.97968216
542,5,9,2,0,0,9,601,0.208333333,0,1,309,16,9958,31.03032737
543,6,8,6,0,0,12,778,0.333333333,0.041666667,1,310,20,9978,31.06835037
544,11,8,2,0,0,11,749,0.125,0,0,310,21,9999,31.00310031
545,8,7,1,0,0,6,565,0.041666667,0,0,310,16,10015,30.95356965
546,7,8,0,0,0,7,579,0,0,0,310,15,10030,30.90727817
547,13,8,0,0,0,14,709,0.083333333,0,0,310,21,10051,30.84270222
548,10,11,0,0,0,11,834,0,0,0,310,21,10072,30.77839555
549,7,10,0,0,0,7,595,0.125,0,0,310,17,10089,30.72653385
550,4,13,1,0,0,10,634,0.125,0,0,310,18,10107,30.67181162
551,5,9,2,0,0,7,555,0.041666667,0.041666667,2,312,16,10123,30.82090289
552,7,7,1,0,0,7,534,0.083333333,0,0,312,15,10138,30.77530085
553,7,7,1,0,0,8,529,0.125,0,0,312,15,10153,30.72983355
554,5,10,2,0,0,10,601,0.083333333,0,0,312,17,10170,30.67846608
555,8,5,3,0,0,8,576,0.125,0,0,312,16,10186,30.63027685
556,10,2,5,0,0,9,581,0.291666667,0.041666667,1,313,17,10203,30.67725179
557,9,9,2,0,0,12,699,0,0.041666667,1,314,20,10223,30.71505429
558,11,10,1,0,0,12,778,0.041666667,0,0,314,22,10245,30.64909712
559,8,11,1,0,0,9,751,0.125,0.083333333,0,314,20,10265,30.58938139
560,3,15,3,0,0,11,746,0.166666667,0,0,314,21,10286,30.52692981
561,6,9,3,0,0,8,622,0.083333333,0,0,314,18,10304,30.47360248
562,4,9,3,0,0,7,576,0.25,0,1,315,16,10320,30.52325581
563,6,11,3,0,0,12,683,0,0.041666667,0,315,20,10340,30.46421663
564,10,9,3,0,0,12,810,0.041666667,0,1,316,22,10362,30.49604323
565,8,6,6,0,0,9,688,0.125,0,2,318,20,10382,30.62993643
566,5,10,6,0,0,11,800,0.125,0.041666667,2,320,21,10403,30.76035759
567,6,8,6,0,0,10,693,0.375,0.166666667,1,321,20,10423,30.79727526
568,6,7,8,0,0,11,789,0.083333333,0.041666667,2,323,21,10444,30.92684795
569,6,4,4,0,0,4,517,0.375,0,0,323,14,10458,30.88544655
570,11,4,5,0,0,13,676,0.166666667,0,0,323,20,10478,30.82649361
571,8,8,5,0,0,11,719,0.25,0,1,324,21,10499,30.86008191
572,9,8,3,0,0,10,736,0.125,0.041666667,1,325,20,10519,30.89647305
573,6,7,3,0,0,6,582,0.208333333,0.041666667,0,325,16,10535,30.84954912
574,5,10,1,0,0,8,537,0.625,0.041666667,0,325,16,10551,30.80276751
575,6,7,1,0,0,6,505,0.291666667,0,0,325,14,10565,30.76194983
576,7,7,2,0,0,9,565,0.041666667,0.083333333,0,325,16,10581,30.71543332
577,6,11,1,0,0,10,639,0.041666667,0,0,325,18,10599,30.66327012
578,8,9,2,0,0,10,727,0.125,0,1,326,19,10618,30.70258052
579,5,10,0,0,0,6,554,0.041666667,0,0,326,15,10633,30.65926832
580,12,8,1,0,0,14,736,0,0,0,326,21,10654,30.59883612
581,9,5,3,0,0,7,624,0.25,0.083333333,0,326,17,10671,30.55008903
582,7,10,4,0,0,13,803,0.125,0,1,327,21,10692,30.58361392
583,5,8,5,0,0,8,663,0.041666667,0,1,328,18,10710,30.62558357
584,4,10,3,0,0,8,572,0.041666667,0,1,329,17,10727,30.67027128
585,7,11,2,0,0,12,761,0.166666667,0.041666667,0,329,20,10747,30.61319438
586,4,9,2,0,0,5,571,0.291666667,0.083333333,0,329,15,10762,30.57052592
587,5,10,2,0,0,10,648,0.208333333,0,2,331,17,10779,30.70785787
588,9,10,3,0,0,14,843,0.083333333,0,0,331,22,10801,30.64531062
589,7,8,5,0,0,9,723,0.125,0,1,332,20,10821,30.68108308
590,8,8,6,0,0,12,785,0.208333333,0.041666667,0,332,22,10843,30.61883243
591,8,9,5,0,0,11,792,0.25,0.041666667,0,332,22,10865,30.55683387
592,8,10,3,0,0,10,744,0.125,0.041666667,0,332,21,10886,30.49788719
593,7,7,3,0,0,7,604,0.458333333,0.041666667,0,332,17,10903,30.45033477
594,10,6,4,0,0,12,765,0.291666667,0.041666667,3,335,20,10923,30.66923007
595,9,4,3,0,0,6,578,0.208333333,0.041666667,0,335,16,10939,30.62437151
596,8,5,2,0,0,7,545,0.291666667,0,1,336,15,10954,30.67372649
597,12,6,3,0,0,14,748,0.041666667,0.041666667,0,336,21,10975,30.61503417
598,12,5,1,0,0,8,629,0.166666667,0,0,336,18,10993,30.56490494
599,9,4,2,0,0,6,509,0.041666667,0,0,336,15,11008,30.52325581
600,9,9,1,0,0,12,697,0,0,0,336,19,11027,30.47066292
601,5,9,6,0,0,11,767,0.041666667,0,1,337,20,11047,30.50601973
602,5,11,3,0,0,9,672,0.083333333,0,0,337,19,11066,30.45364179
603,11,10,1,0,0,13,816,0,0.041666667,0,337,22,11088,30.39321789
604,6,10,1,0,0,6,601,0.208333333,0,0,337,17,11105,30.34669068
605,6,6,2,0,0,6,507,0.041666667,0,0,337,14,11119,30.30848098
606,6,12,3,0,0,14,755,0.333333333,0.041666667,1,338,21,11140,30.34111311
607,7,12,2,0,0,11,750,0.208333333,0,0,338,21,11161,30.28402473
608,9,12,1,0,0,12,768,0.041666667,0,0,338,22,11183,30.22444782
609,8,8,2,0,0,7,641,0.166666667,0.083333333,0,338,18,11201,30.17587715
610,9,6,1,0,0,7,618,0.125,0.041666667,0,338,16,11217,30.13283409
611,7,7,3,0,0,9,617,0.166666667,0.083333333,1,339,17,11234,30.17625067
612,7,4,4,0,0,7,533,0.333333333,0,0,339,15,11249,30.13601209
613,10,5,1,0,0,9,581,0.25,0,0,339,16,11265,30.09320905
614,12,4,3,0,0,11,726,0.041666667,0.041666667,1,340,19,11284,30.13115916
615,10,7,3,0,0,11,750,0.208333333,0.041666667,1,341,20,11304,30.16631281
616,6,8,1,0,0,5,502,0.25,0.041666667,0,341,15,11319,30.12633625
617,6,8,2,0,0,9,589,0.083333333,0.041666667,0,341,16,11335,30.0838112
618,9,10,1,0,0,12,724,0,0,0,341,20,11355,30.03082343
619,13,5,1,0,0,9,650,0.125,0,0,341,19,11374,29.98065764
620,9,5,2,0,0,7,532,0.375,0.083333333,1,342,16,11390,30.02633889
621,7,9,2,0,0,10,685,0.166666667,0.041666667,0,342,18,11408,29.97896213
622,6,10,2,0,0,9,647,0.083333333,0.041666667,1,343,18,11426,30.01925433
623,10,7,5,0,0,13,776,0.041666667,0.041666667,1,344,22,11448,30.04891684
624,7,4,4,0,0,4,564,0.333333333,0.083333333,2,346,15,11463,30.18407049
625,9,12,1,0,0,15,779,0.291666667,0.041666667,0,346,22,11485,30.12625163
626,8,8,3,0,0,8,719,0.125,0.041666667,1,347,19,11504,30.16342142
627,9,7,4,0,0,11,723,0.083333333,0,1,348,20,11524,30.19784797
628,10,8,3,0,0,11,763,0.083333333,0,1,349,21,11545,30.2295366
629,4,9,4,0,0,7,637,0.125,0,1,350,17,11562,30.27157931
630,6,6,5,0,0,9,640,0.416666667,0.041666667,1,351,17,11579,30.31349858
631,5,7,4,0,0,8,570,0.25,0.041666667,1,352,16,11595,30.35791289
632,6,13,3,0,0,14,768,0.375,0.041666667,1,353,22,11617,30.38650254
633,4,9,2,0,0,4,563,0.083333333,0,0,353,15,11632,30.34731774
634,5,11,2,0,0,11,654,0.041666667,0,1,354,18,11650,30.38626609
635,10,10,2,0,0,13,799,0,0,0,354,22,11672,30.32899246
636,8,12,2,0,0,11,817,0.041666667,0,0,354,22,11694,30.27193433
637,7,9,1,0,0,6,611,0.125,0,1,355,17,11711,30.31338058
638,5,10,0,0,0,7,543,0,0,0,355,15,11726,30.27460345
639,9,7,0,0,0,9,590,0.041666667,0,0,355,16,11742,30.23335037
640,8,12,1,0,0,13,793,0.083333333,0.125,1,356,21,11763,30.26438834
641,9,4,4,0,0,7,609,0.166666667,0.083333333,0,356,17,11780,30.22071307
642,11,4,5,0,0,12,740,0.166666667,0,2,358,20,11800,30.33898305
643,6,2,8,0,0,6,593,0.208333333,0,2,360,16,11816,30.46716317
644,4,4,6,0,0,6,552,0.041666667,0.083333333,0,360,14,11830,30.43110735
645,9,9,2,0,0,13,709,0.041666667,0,0,360,20,11850,30.37974684
646,8,9,4,0,0,11,791,0.166666667,0.125,0,360,21,11871,30.32600455
647,12,7,2,0,0,11,764,0.083333333,0.041666667,1,361,21,11892,30.35654221
648,11,7,2,0,0,10,721,0.041666667,0.083333333,0,361,20,11912,30.30557421
649,9,5,2,0,0,6,564,0.166666667,0,1,362,16,11928,30.34875922
650,9,8,4,0,0,13,789,0.125,0.083333333,0,362,21,11949,30.29542221
651,13,6,1,0,0,10,679,0.041666667,0,0,362,20,11969,30.24479906
652,8,8,2,0,0,8,635,0.041666667,0,1,363,18,11987,30.28280637
653,7,12,2,0,0,12,746,0,0.041666667,0,363,21,12008,30.22984677
654,3,11,1,0,0,5,553,0,0.083333333,0,363,15,12023,30.19213175
655,7,9,2,0,0,11,675,0.083333333,0.041666667,1,364,18,12041,30.23004734
656,11,7,0,0,0,9,675,0.125,0.041666667,0,364,18,12059,30.18492412
657,9,4,9,0,0,13,820,0.458333333,0.041666667,5,369,22,12081,30.54382915
658,11,6,5,0,0,11,749,0.25,0.083333333,2,371,22,12103,30.65355697
659,7,6,4,0,0,6,662,0.125,0,0,371,17,12120,30.61056106
660,7,9,2,0,0,10,648,0.291666667,0,0,371,18,12138,30.56516724
661,8,8,2,0,0,9,682,0.125,0,1,372,18,12156,30.60217177
662,10,10,2,0,0,13,758,0.083333333,0.041666667,0,372,22,12178,30.54688783
663,7,8,3,0,0,7,657,0.375,0,0,372,18,12196,30.50180387
664,7,8,7,0,0,13,778,0.166666667,0,4,376,22,12218,30.77426747
665,8,9,3,0,0,9,677,0.125,0.041666667,0,376,20,12238,30.72397451
666,6,9,5,0,0,10,725,0.291666667,0.083333333,1,377,20,12258,30.75542503
667,6,8,5,0,0,9,710,0.25,0,0,377,19,12277,30.70782765
668,8,8,4,0,0,11,667,0.333333333,0.083333333,1,378,20,12297,30.73920468
669,10,8,4,0,0,12,826,0.291666667,0.041666667,0,378,22,12319,30.68430879
670,11,4,5,0,0,9,705,0.125,0.041666667,2,380,20,12339,30.79666099
671,10,5,5,0,0,10,717,0.208333333,0.041666667,0,380,20,12359,30.74682418
672,7,6,3,0,0,6,563,0.208333333,0,1,381,16,12375,30.78787879
673,5,6,5,0,0,8,542,0.166666667,0.083333333,1,382,16,12391,30.82882737
674,4,6,8,0,0,10,625,0.208333333,0.041666667,1,383,18,12409,30.86469498
675,1,9,6,0,0,7,616,0.25,0.125,0,383,16,12425,30.8249497
676,8,8,6,0,0,14,785,0.333333333,0.041666667,1,384,22,12447,30.85080742
677,7,9,5,0,0,10,707,0.083333333,0,0,384,21,12468,30.79884504
678,7,8,3,0,0,8,637,0.416666667,0,0,384,18,12486,30.75444498
679,8,7,6,0,0,12,747,0.583333333,0.041666667,2,386,21,12507,30.86271688
680,7,8,3,0,0,8,658,0.083333333,0.083333333,0,386,18,12525,30.81836327
681,11,8,3,0,0,13,795,0.041666667,0,0,386,22,12547,30.76432613
682,5,8,2,0,0,4,548,0.125,0,0,386,15,12562,30.72759115
683,9,9,4,0,0,15,825,0.458333333,0.041666667,3,389,22,12584,30.91226955
684,8,6,2,0,0,5,593,0.375,0.041666667,0,389,16,12600,30.87301587
685,10,6,2,0,0,10,627,0.125,0,0,389,18,12618,30.82897448
686,11,5,4,0,0,11,703,0.125,0.041666667,1,390,20,12638,30.85931318
687,10,7,3,0,0,10,679,0.166666667,0.041666667,1,391,20,12658,30.88955601
688,9,6,4,0,0,9,702,0.208333333,0.041666667,0,391,19,12677,30.84325945
689,8,9,3,0,0,11,693,0.166666667,0.083333333,0,391,20,12697,30.79467591
690,6,8,7,0,0,11,767,0.333333333,0.041666667,3,394,21,12718,30.97971379
691,4,6,6,0,0,6,592,0.291666667,0,1,395,16,12734,31.01931836
692,8,10,3,0,0,13,761,0.291666667,0.041666667,0,395,21,12755,30.96824775
693,9,10,2,0,0,11,808,0.041666667,0,0,395,21,12776,30.91734502
694,4,7,4,0,0,5,539,0.041666667,0,1,396,15,12791,30.95926824
695,6,9,3,0,0,11,692,0.166666667,0,1,397,18,12809,30.99383246
696,7,11,1,0,0,10,658,0.291666667,0,0,397,19,12828,30.94792641
697,10,9,3,0,0,13,755,0.166666667,0.041666667,0,397,22,12850,30.89494163
698,5,10,1,0,0,5,588,0.041666667,0,0,397,16,12866,30.85652106
699,8,11,2,0,0,13,773,0.25,0.083333333,0,397,21,12887,30.80623885
700,3,8,5,0,0,6,536,0.291666667,0.041666667,1,398,16,12903,30.8455398
701,7,8,6,0,0,13,737,0.125,0,2,400,21,12924,30.95017023
702,6,7,4,0,0,7,623,0.208333333,0,1,401,17,12941,30.98678618
703,7,6,6,0,0,11,679,0.208333333,0.041666667,0,401,19,12960,30.94135802
704,10,4,4,0,0,9,653,0.125,0,1,402,18,12978,30.97549699
705,8,4,3,0,0,6,586,0.291666667,0.083333333,0,402,15,12993,30.93973678
706,5,8,4,0,0,10,584,0.416666667,0.041666667,1,403,17,13010,30.97617218
707,6,6,4,0,0,8,523,0.125,0,2,405,16,13026,31.09166283
708,7,5,5,0,0,9,655,0.333333333,0.083333333,2,407,17,13043,31.2044775
709,6,11,4,0,0,13,751,0.208333333,0.041666667,1,408,21,13064,31.23086344
710,5,7,4,0,0,6,573,0,0.041666667,0,408,16,13080,31.19266055
711,6,10,5,0,0,13,787,0.333333333,0,0,408,21,13101,31.14266087
712,6,11,4,0,0,11,771,0.125,0,0,408,21,13122,31.09282122
713,7,11,2,0,0,10,727,0.125,0,0,408,20,13142,31.04550297
714,6,9,0,0,0,5,550,0.25,0,0,408,15,13157,31.01010869
715,8,10,2,0,0,13,695,0.125,0,0,408,20,13177,30.96304166
716,7,7,2,0,0,6,571,0.083333333,0,0,408,16,13193,30.92549079
717,6,9,1,0,0,8,569,0.166666667,0,1,409,16,13209,30.96373685
718,10,11,0,0,0,13,762,0.041666667,0,0,409,21,13230,30.91458806
719,6,14,0,0,0,10,740,0,0,0,409,20,13250,30.86792453
720,6,8,3,0,0,7,638,0.333333333,0,0,409,17,13267,30.82837115
721,3,11,5,0,0,11,651,0.5,0.125,1,410,19,13286,30.85955141
722,7,8,4,0,0,10,671,0.125,0.041666667,0,410,19,13305,30.8154829
723,9,8,4,0,0,12,764,0,0,0,410,21,13326,30.76692181
724,8,10,3,0,0,11,771,0.208333333,0,0,410,21,13347,30.71851352
725,7,10,2,0,0,9,679,0.083333333,0,0,410,19,13366,30.67484663
726,6,9,0,0,0,6,545,0.041666667,0,0,410,15,13381,30.64046035
727,9,9,1,0,0,12,685,0.041666667,0,0,410,19,13400,30.59701493
728,8,9,0,0,0,8,617,0.083333333,0,0,410,17,13417,30.558247
729,8,7,3,0,0,10,704,0.125,0.041666667,1,411,18,13435,30.591738
730,5,7,3,0,0,6,558,0.125,0.083333333,0,411,15,13450,30.55762082
731,6,8,1,0,0,8,550,0.041666667,0,0,411,15,13465,30.52357965
732,6,8,1,0,0,8,550,0.083333333,0,0,411,15,13480,30.48961424
733,8,14,0,0,0,15,803,0.25,0.083333333,0,411,22,13502,30.43993482
734,4,10,2,0,0,5,532,0,0.041666667,0,411,16,13518,30.4039059
735,4,8,3,0,0,7,523,0,0,0,411,15,13533,30.37020616
736,5,7,3,0,0,8,534,0.333333333,0.041666667,0,411,15,13548,30.33658105
737,10,8,3,0,0,14,743,0.166666667,0.083333333,0,411,21,13569,30.28963078
738,8,6,4,0,0,8,686,0.5,0.083333333,1,412,18,13587,30.32310297
739,6,7,3,0,0,7,577,0.041666667,0.041666667,0,412,16,13603,30.28743659
740,6,6,3,0,0,7,554,0.041666667,0.041666667,0,412,15,13618,30.25407549
741,6,8,2,0,0,9,564,0.166666667,0.041666667,0,412,16,13634,30.21857122
742,5,11,5,0,0,13,779,0,0,1,413,21,13655,30.24533138
743,6,4,6,0,0,6,584,0.166666667,0,2,415,16,13671,30.35622851
744,6,8,4,0,0,10,642,0.291666667,0.083333333,1,416,18,13689,30.38936372
745,4,10,4,0,0,9,610,0.166666667,0.083333333,0,416,18,13707,30.34945648
746,5,9,4,0,0,9,650,0.208333333,0.083333333,2,418,18,13725,30.45537341
747,9,9,3,0,0,12,816,0.125,0.125,0,418,21,13746,30.40884621
748,5,7,3,0,0,5,519,0.125,0.041666667,1,419,15,13761,30.44836858
749,6,11,2,0,0,12,692,0.166666667,0,1,420,19,13780,30.47895501
750,7,12,2,0,0,12,768,0.125,0.125,0,420,21,13801,30.43257735
751,6,7,2,0,0,5,551,0,0,0,420,15,13816,30.39953677
752,6,7,3,0,0,9,560,0,0,0,420,16,13832,30.36437247
753,9,11,1,0,0,13,798,0.208333333,0.041666667,0,420,21,13853,30.3183426
754,6,11,5,0,0,12,790,0.125,0.083333333,1,421,22,13875,30.34234234
755,9,10,2,0,0,10,709,0.125,0,0,421,21,13896,30.2964882
756,9,10,2,0,0,11,727,0.041666667,0.041666667,0,421,21,13917,30.25077244
757,14,4,1,0,0,9,659,0,0,0,421,19,13936,30.20952928
758,11,9,2,0,0,13,812,0.083333333,0,0,421,22,13958,30.16191431
759,9,6,1,0,0,5,565,0.375,0,1,422,16,13974,30.19894089
760,11,7,4,0,0,14,814,0.25,0,1,423,22,13996,30.22292083
761,9,4,2,0,0,4,538,0.291666667,0.041666667,0,423,15,14011,30.19056456
762,8,10,2,0,0,13,764,0.041666667,0,1,424,20,14031,30.21880123
763,9,10,2,0,0,11,757,0.166666667,0.041666667,0,424,21,14052,30.17364076
764,5,11,4,0,0,10,720,0.166666667,0.041666667,0,424,20,14072,30.13075611
765,8,10,3,0,0,11,717,0.083333333,0.083333333,2,426,21,14093,30.22777265
766,5,9,6,0,0,10,748,0.291666667,0.041666667,2,428,20,14113,30.32664919
767,7,8,6,0,0,11,709,0.291666667,0,1,429,21,14134,30.35234187
768,9,6,5,0,0,10,697,0.166666667,0,0,429,20,14154,30.30945316
769,10,4,6,0,0,10,737,0.416666667,0.041666667,2,431,20,14174,30.40778891
770,7,5,4,0,0,6,548,0.291666667,0,0,431,16,14190,30.37350247
771,11,6,2,0,0,11,692,0.208333333,0.041666667,0,431,19,14209,30.33288761
772,9,5,1,0,0,6,586,0.041666667,0.041666667,1,432,15,14224,30.3712036
773,10,12,0,0,0,15,747,0.041666667,0,0,432,22,14246,30.32430156
774,4,11,4,0,0,8,685,0.333333333,0.125,3,435,19,14265,30.49421661
775,8,8,6,0,0,13,763,0.166666667,0,2,437,22,14287,30.58724715
776,9,8,3,0,0,9,686,0.125,0,0,437,20,14307,30.54448871
777,9,6,2,0,0,7,627,0.375,0,0,437,17,14324,30.50823792
778,14,4,0,0,0,10,647,0.041666667,0,0,437,18,14342,30.4699484
779,13,8,1,0,0,13,787,0.041666667,0,0,437,22,14364,30.42328042
780,7,7,1,0,0,4,554,0.166666667,0,0,437,15,14379,30.39154322
781,9,6,1,0,0,9,566,0.083333333,0,0,437,16,14395,30.35776311
782,12,5,0,0,0,9,645,0,0,0,437,17,14412,30.32195393
783,9,10,0,0,0,11,691,0,0,0,437,19,14431,30.28203174
784,10,10,2,0,0,13,824,0,0,0,437,22,14453,30.23593718
785,11,7,2,0,0,9,703,0.166666667,0.041666667,0,437,20,14473,30.19415463
786,7,7,3,0,0,7,585,0.25,0,1,438,17,14490,30.22774327
787,12,6,2,0,0,12,690,0.083333333,0,0,438,20,14510,30.18607857
788,8,6,2,0,0,6,578,0.208333333,0.041666667,0,438,16,14526,30.15282941
789,6,9,2,0,0,9,584,0.166666667,0,0,438,17,14543,30.11758234
790,8,10,3,0,0,13,765,0.291666667,0,0,438,21,14564,30.07415545
791,6,11,2,0,0,9,648,0.083333333,0.041666667,2,440,19,14583,30.17211822
792,8,8,1,0,0,8,605,0,0,0,440,17,14600,30.1369863
793,6,10,5,0,0,13,746,0.333333333,0,1,441,21,14621,30.16209562
794,2,7,6,0,0,5,545,0.25,0.083333333,2,443,15,14636,30.26783274
795,8,13,1,0,0,15,842,0.125,0,0,443,22,14658,30.22240415
796,8,11,1,0,0,9,711,0.041666667,0,1,444,20,14678,30.24935277
797,6,15,1,0,0,12,815,0.125,0,0,444,22,14700,30.20408163
798,7,10,1,0,0,7,680,0,0,1,445,18,14718,30.23508629
799,11,10,1,0,0,13,805,0,0,0,445,22,14740,30.18995929
800,9,7,2,0,0,7,680,0.125,0.041666667,0,445,18,14758,30.15313728
801,6,10,2,0,0,9,641,0,0,0,445,18,14776,30.11640498
802,8,6,1,0,0,6,556,0,0,0,445,15,14791,30.08586302
803,8,6,2,0,0,9,571,0.041666667,0.083333333,0,445,16,14807,30.05335314
804,12,7,1,0,0,12,738,0.041666667,0,0,445,20,14827,30.01281446
805,8,12,1,0,0,11,757,0.208333333,0.041666667,0,445,21,14848,29.97036638
806,8,7,0,0,0,5,563,0.125,0,0,445,15,14863,29.94011976
807,6,9,2,0,0,10,605,0.208333333,0.041666667,0,445,17,14880,29.90591398
808,6,7,2,0,0,7,551,0.125,0.041666667,0,445,15,14895,29.87579725
809,11,7,4,0,0,15,816,0.375,0.083333333,1,446,22,14917,29.89877321
810,9,7,4,0,0,9,736,0.375,0,2,448,20,14937,29.99263574
811,10,9,3,0,0,12,772,0.166666667,0.041666667,1,449,22,14959,30.01537536
812,5,7,3,0,0,4,563,0.125,0,1,450,15,14974,30.05209029
813,9,6,2,0,0,10,608,0.083333333,0,1,451,17,14991,30.0847175
814,8,6,2,0,0,8,564,0.125,0.083333333,0,451,16,15007,30.0526421
815,9,3,2,0,0,6,505,0.041666667,0,0,451,14,15021,30.02463218
816,10,9,0,0,0,12,660,0,0,0,451,19,15040,29.98670213
817,9,10,1,0,0,11,709,0.125,0,0,451,20,15060,29.94687915
818,10,5,4,0,0,9,701,0.166666667,0,2,453,19,15079,30.04177996
819,9,10,2,0,0,12,703,0.083333333,0,0,453,21,15100,30
820,11,5,1,0,0,7,629,0.166666667,0,0,453,17,15117,29.96626315
821,8,5,2,0,0,7,550,0.166666667,0,1,454,15,15132,30.0026434
822,7,5,5,0,0,10,631,0.083333333,0,1,455,17,15149,30.03498581
823,4,7,5,0,0,8,550,0.208333333,0.041666667,0,455,16,15165,30.00329707
824,4,10,4,0,0,10,665,0.416666667,0,1,456,18,15183,30.0335902
825,6,8,2,0,0,7,588,0.208333333,0,1,457,16,15199,30.06776762
826,10,7,5,0,0,14,787,0.333333333,0,0,457,22,15221,30.02430852
827,9,3,3,0,0,4,566,0,0,0,457,15,15236,29.99474928
828,7,8,3,0,0,11,647,0.041666667,0.041666667,0,457,18,15254,29.95935492
829,5,7,3,0,0,6,503,0.083333333,0,2,459,15,15269,30.06090772
830,6,7,4,0,0,10,593,0.291666667,0.083333333,0,459,17,15286,30.02747612
831,10,9,3,0,0,14,818,0.291666667,0,1,460,22,15308,30.04964724
832,9,5,3,0,0,6,595,0.083333333,0,1,461,17,15325,30.08156607
833,4,8,5,0,0,9,624,0.125,0.041666667,1,462,17,15342,30.11341416
834,8,7,4,0,0,11,629,0.333333333,0,2,464,19,15361,30.20636677
835,8,6,4,0,0,9,689,0.083333333,0,0,464,18,15379,30.17101242
836,7,6,6,0,0,10,683,0.291666667,0,3,467,19,15398,30.32861411
837,9,7,5,0,0,12,755,0.208333333,0,1,468,21,15419,30.35216292
838,7,7,6,0,0,10,755,0.125,0,2,470,20,15439,30.44238616
839,10,4,5,0,0,9,652,0.083333333,0.041666667,0,470,19,15458,30.4049683
840,7,8,4,0,0,10,702,0.166666667,0.125,0,470,19,15477,30.36764231
841,6,10,5,0,0,12,749,0.291666667,0.041666667,1,471,21,15498,30.3910182
842,6,8,6,0,0,10,714,0.083333333,0,1,472,20,15518,30.41629076
843,6,10,3,0,0,9,656,0.125,0,0,472,19,15537,30.37909506
844,6,8,5,0,0,10,667,0.208333333,0.041666667,2,474,19,15556,30.47055798
845,9,4,5,0,0,9,601,0.416666667,0.041666667,1,475,18,15574,30.49955053
846,10,5,2,0,0,8,605,0.25,0,0,475,17,15591,30.46629466
847,8,4,3,0,0,7,544,0.375,0,1,476,15,15606,30.50108932
848,7,5,3,0,0,8,531,0.208333333,0.083333333,1,477,15,15621,30.53581717
849,7,4,4,0,0,8,528,0.208333333,0,1,478,15,15636,30.57047838
850,7,5,3,0,0,8,543,0.291666667,0.041666667,1,479,15,15651,30.60507316
851,8,5,6,0,0,12,656,0.25,0,3,482,19,15670,30.75941289
852,4,4,8,0,0,7,583,0.291666667,0.083333333,1,483,16,15686,30.79178886
853,7,4,10,0,0,13,780,0.25,0.083333333,3,486,21,15707,30.94161839
854,7,6,5,0,0,8,681,0.208333333,0,1,487,18,15725,30.96979332
855,9,8,2,0,0,10,687,0.083333333,0,1,488,19,15744,30.99593496
856,5,8,5,0,0,9,650,0.125,0.083333333,3,491,18,15762,31.15086918
857,5,10,3,0,0,9,632,0.125,0,0,491,18,15780,31.11533587
858,5,8,2,0,0,6,537,0.291666667,0,0,491,15,15795,31.08578664
859,7,8,2,0,0,10,637,0.375,0.083333333,0,491,17,15812,31.05236529
860,8,4,5,0,0,9,615,0,0.041666667,3,494,17,15829,31.20854128
861,5,6,5,0,0,8,591,0.166666667,0.083333333,1,495,16,15845,31.24013885
862,10,5,4,0,0,11,746,0,0,0,495,19,15864,31.20272315
863,12,4,4,0,0,11,719,0.125,0.041666667,2,497,20,15884,31.28934777
864,14,3,2,0,0,9,707,0.208333333,0,0,497,19,15903,31.25196504
865,9,6,3,0,0,9,632,0.083333333,0.041666667,0,497,18,15921,31.21663212
866,9,3,3,0,0,6,484,0.125,0,0,497,15,15936,31.187249
867,7,7,3,0,0,10,594,0.125,0.041666667,0,497,17,15953,31.15401492
868,9,8,4,0,0,13,780,0.166666667,0.041666667,1,498,21,15974,31.17566045
869,7,7,4,0,0,8,651,0.458333333,0.041666667,0,498,18,15992,31.14057029
870,15,3,4,0,0,13,821,0.333333333,0,2,500,22,16014,31.22268015
871,11,8,2,0,0,10,762,0.083333333,0.041666667,1,501,21,16035,31.24415341
872,9,3,2,0,0,4,494,0.291666667,0,0,501,14,16049,31.21689825
873,10,10,1,0,0,14,723,0.125,0,0,501,21,16070,31.17610454
874,6,9,2,0,0,7,564,0.125,0,0,501,17,16087,31.14315907
875,7,10,3,0,0,12,717,0.166666667,0.041666667,1,502,20,16107,31.16657354
876,8,9,5,0,0,12,779,0.333333333,0,2,504,22,16129,31.2480625
877,10,6,2,0,0,7,689,0.375,0,0,504,18,16147,31.21322846
878,9,8,3,0,0,11,715,0.166666667,0,0,504,20,16167,31.17461496
879,10,2,3,0,0,5,540,0.041666667,0,0,504,15,16182,31.14571746
880,8,6,3,0,0,10,610,0.458333333,0,0,504,17,16199,31.11303167
881,7,11,3,0,0,13,760,0.166666667,0,0,504,21,16220,31.07274969
882,7,12,3,0,0,12,767,0.125,0,1,505,22,16242,31.09223002
883,7,9,3,0,0,8,654,0.083333333,0,0,505,19,16261,31.05590062
884,7,10,3,0,0,11,689,0,0,1,506,20,16281,31.07917204
885,5,9,4,0,0,8,609,0.125,0.041666667,0,506,18,16299,31.04484938
886,4,7,3,0,0,5,487,0.083333333,0.041666667,0,506,14,16313,31.01820634
887,8,8,5,0,0,14,720,0.083333333,0,0,506,21,16334,30.97832742
888,13,6,1,0,0,10,689,0.041666667,0,0,506,20,16354,30.94044271
889,9,5,2,0,0,6,567,0.125,0,1,507,16,16370,30.97128894
890,12,6,4,0,0,14,811,0.25,0.083333333,1,508,22,16392,30.99072718
891,11,7,3,0,0,10,765,0.083333333,0.083333333,2,510,21,16413,31.07292999
892,7,5,3,0,0,5,510,0.083333333,0,0,510,15,16428,31.04455807
893,11,6,4,0,0,14,773,0.125,0,0,510,21,16449,31.00492431
894,6,6,4,0,0,6,554,0.125,0,1,511,16,16465,31.03552991
895,6,11,3,0,0,12,701,0.041666667,0.041666667,0,511,20,16485,30.99787686
896,7,11,0,0,0,8,644,0.125,0,0,511,18,16503,30.96406714
897,7,11,1,0,0,10,654,0.125,0.041666667,0,511,19,16522,30.92845902
898,7,7,0,0,0,5,510,0,0,0,511,14,16536,30.90227383
899,9,7,1,0,0,10,571,0.083333333,0,0,511,17,16553,30.87053706
900,10,4,0,0,0,6,503,0,0,0,511,14,16567,30.84444981
901,13,6,2,0,0,14,781,0,0,0,511,21,16588,30.8054015
902,11,5,1,0,0,7,613,0.083333333,0,0,511,17,16605,30.77386329
903,12,7,0,0,0,11,671,0.083333333,0,0,511,19,16624,30.73869105
904,6,9,1,0,0,7,597,0,0,1,512,16,16640,30.76923077
905,5,9,0,0,0,6,530,0,0,0,512,14,16654,30.74336496
906,7,10,2,0,0,12,646,0.166666667,0.125,0,512,19,16673,30.70833083
907,5,9,2,0,0,7,636,0,0,0,512,16,16689,30.67889029
908,6,10,2,0,0,10,651,0.041666667,0,1,513,18,16707,30.70569222
909,5,13,4,0,0,13,784,0.041666667,0,1,514,22,16729,30.72508817
910,7,7,7,0,0,10,763,0.416666667,0.083333333,2,516,21,16750,30.80597015
911,6,7,8,0,0,11,767,0.291666667,0.083333333,1,517,21,16771,30.82702284
912,3,8,5,0,0,6,542,0.333333333,0.041666667,0,517,16,16787,30.79764103
913,5,7,3,0,0,7,509,0.208333333,0.041666667,0,517,15,16802,30.77014641
914,7,4,6,0,0,10,616,0.625,0.166666667,2,519,17,16819,30.85795826
915,6,10,6,0,0,14,784,0.375,0.083333333,1,520,22,16841,30.8770263
916,4,9,8,0,0,10,766,0.25,0,2,522,21,16862,30.95718183
917,5,5,6,0,0,6,560,0.291666667,0.041666667,1,523,16,16878,30.98708378
918,7,7,3,0,0,9,631,0.291666667,0,0,523,17,16895,30.95590411
919,11,6,2,0,0,11,718,0.208333333,0.083333333,0,523,19,16914,30.92113042
920,8,6,3,0,0,8,622,0.125,0,1,524,17,16931,30.94914654
921,5,8,4,0,0,9,649,0.166666667,0.041666667,2,526,17,16948,31.03611046
922,2,10,3,0,0,7,522,0.083333333,0,0,526,15,16963,31.00866592
923,5,13,3,0,0,14,736,0,0,0,526,21,16984,30.97032501
924,9,7,3,0,0,9,710,0,0,0,526,19,17003,30.93571723
925,11,7,3,0,0,12,735,0,0,1,527,21,17024,30.95629699
926,12,7,2,0,0,11,759,0.416666667,0,0,527,21,17045,30.91815782
927,8,10,2,0,0,10,653,0.083333333,0,0,527,20,17065,30.88192206
928,9,12,1,0,0,12,787,0,0.041666667,0,527,22,17087,30.84216071
929,12,7,3,0,0,11,827,0.083333333,0.083333333,1,528,22,17109,30.86095038
930,10,8,2,0,0,9,734,0.083333333,0,0,528,20,17129,30.82491681
931,9,6,2,0,0,7,600,0,0,0,528,17,17146,30.79435437
932,11,7,2,0,0,12,755,0.25,0,0,528,20,17166,30.75847606
933,12,5,2,0,0,9,661,0.041666667,0,1,529,19,17185,30.7826593
934,7,5,3,0,0,6,563,0.166666667,0,1,530,15,17200,30.81395349
935,8,10,2,0,0,13,744,0,0,1,531,20,17220,30.83623693
936,8,11,0,0,0,9,668,0,0,0,531,19,17239,30.80225071
937,7,11,4,0,0,13,797,0.208333333,0.083333333,1,532,22,17261,30.82092579
938,5,9,3,0,0,6,601,0.125,0.041666667,1,533,17,17278,30.84847783
939,9,8,4,0,0,13,723,0.041666667,0.041666667,0,533,21,17299,30.81102954
940,8,4,3,0,0,5,549,0.166666667,0.041666667,0,533,15,17314,30.78433638
941,9,4,3,0,0,9,531,0.416666667,0.041666667,0,533,16,17330,30.7559146
942,8,7,2,0,0,9,611,0.166666667,0.041666667,0,533,17,17347,30.72577391
943,12,7,1,0,0,12,704,0.041666667,0.041666667,0,533,20,17367,30.69038982
944,11,8,2,0,0,11,769,0.041666667,0,1,534,21,17388,30.71083506
945,9,10,2,0,0,11,747,0.083333333,0,1,535,21,17409,30.73123097
946,7,8,3,0,0,8,674,0.125,0.041666667,0,535,18,17427,30.6994893
947,8,6,5,0,0,10,705,0.25,0,0,535,19,17446,30.66605526
948,6,9,3,0,0,9,654,0.041666667,0.041666667,0,535,18,17464,30.63444801
949,10,9,0,0,0,10,628,0.083333333,0,0,535,19,17483,30.60115541
950,11,7,1,0,0,10,668,0.041666667,0.041666667,1,536,19,17502,30.62507142
951,11,4,2,0,0,8,612,0.291666667,0.083333333,0,536,17,17519,30.59535362
952,9,11,2,0,0,14,753,0.125,0,1,537,22,17541,30.61399008
953,9,11,2,0,0,11,771,0.208333333,0,0,537,22,17563,30.57564197
954,6,7,3,0,0,5,601,0.041666667,0,1,538,16,17579,30.60469879
955,7,6,3,0,0,8,559,0,0,1,539,16,17595,30.63370276
956,6,6,3,0,0,7,549,0.5,0.041666667,2,541,15,17610,30.72118115
957,13,6,2,0,0,14,752,0.166666667,0.041666667,0,541,21,17631,30.68458964
958,10,3,1,0,0,4,541,0.125,0,1,542,14,17645,30.71691697
959,8,11,2,0,0,14,776,0.125,0,1,543,21,17666,30.73700894
960,8,9,1,0,0,8,643,0.083333333,0,0,543,18,17684,30.70572269
961,6,5,6,0,0,8,620,0.208333333,0.041666667,1,544,17,17701,30.73272696
962,9,3,7,0,0,11,708,0.083333333,0,0,544,19,17720,30.69977427
963,12,2,6,0,0,11,701,0.208333333,0.083333333,2,546,20,17740,30.77790304
964,11,6,4,0,0,11,731,0.125,0,0,546,21,17761,30.7415123
965,10,4,1,0,0,5,542,0.041666667,0,0,546,15,17776,30.71557156
966,7,7,2,0,0,9,570,0.166666667,0,1,547,16,17792,30.74415468
967,8,8,3,0,0,11,690,0.125,0,0,547,19,17811,30.71135815
968,5,13,3,0,0,12,779,0.041666667,0,0,547,21,17832,30.67519067
969,6,13,3,0,0,12,773,0.041666667,0,0,547,22,17854,30.63739218
970,9,8,3,0,0,9,706,0.166666667,0,1,548,20,17874,30.65905785
971,8,10,3,0,0,11,782,0.166666667,0.125,2,550,21,17895,30.73484213
972,8,10,2,0,0,10,708,0.041666667,0,0,550,20,17915,30.70053028
973,10,8,2,0,0,10,755,0.25,0,0,550,20,17935,30.66629495
974,4,10,5,0,0,9,687,0.625,0,2,552,19,17954,30.74523783
975,7,5,4,0,0,7,598,0.25,0,1,553,16,17970,30.77351141
976,12,5,3,0,0,12,749,0.25,0,0,553,20,17990,30.73929961
977,12,4,2,0,0,8,616,0.041666667,0,0,553,18,18008,30.70857397
978,10,6,4,0,0,11,777,0.166666667,0,0,553,20,18028,30.67450632
979,7,8,2,0,0,7,608,0,0.083333333,0,553,17,18045,30.6456082
980,5,10,2,0,0,9,601,0.041666667,0,0,553,17,18062,30.61676448
981,6,11,2,0,0,11,705,0.041666667,0,2,555,19,18081,30.69520491
982,9,4,1,0,0,5,486,0.083333333,0,0,555,14,18095,30.6714562
983,12,7,1,0,0,13,697,0.083333333,0.125,0,555,20,18115,30.63759315
984,8,5,2,0,0,5,537,0.083333333,0.041666667,0,555,15,18130,30.6122449
985,10,10,2,0,0,15,761,0.208333333,0,1,556,22,18152,30.63023358
986,11,7,1,0,0,8,672,0.166666667,0,0,556,19,18171,30.59820593
987,7,8,1,0,0,7,582,0.125,0,0,556,16,18187,30.57128718
988,7,8,4,0,0,11,688,0.125,0,2,558,19,18206,30.64923652
989,7,11,4,0,0,13,829,0.125,0.041666667,2,560,22,18228,30.72196621
990,7,9,5,0,0,10,796,0.25,0.041666667,0,560,21,18249,30.68661297
991,8,12,1,0,0,11,726,0.125,0,0,560,21,18270,30.651341
992,8,5,4,0,0,7,624,0.291666667,0,1,561,17,18287,30.67753049
993,10,7,1,0,0,10,635,0.166666667,0.041666667,0,561,18,18305,30.64736411
994,8,7,5,0,0,11,751,0.208333333,0,2,563,20,18325,30.72305593
995,7,9,2,0,0,8,625,0.208333333,0,0,563,18,18343,30.69290738
996,11,8,3,0,0,13,816,0.083333333,0.166666667,0,563,22,18365,30.6561394
997,10,7,2,0,0,8,714,0.333333333,0.041666667,0,563,19,18384,30.62445605
998,8,8,5,0,0,12,810,0.125,0.041666667,2,565,21,18405,30.69817984
999,7,5,4,0,0,6,561,0.041666667,0.041666667,1,566,16,18421,30.72580207
